Signal,Values
v_x,20.282,-9.09,-1.7510000000000001
v_y,9.77,24.95,12.09
v_z,5.925,-4.2540000000000004,12.173
TW1,1202.3,-1402.4,2045.1000000000001,217.10000000000002,559.0,2254.7000000000003,-1335.1000000000001
TW2,-1122.3,-1688.5,-2625.1000000000004,3127.1000000000004,2290.0,2334.4,-41.2
TW3,2369.7000000000003,2044.5,-1627.3000000000002,-276.8,921.6,-1853.9,-2204.1
TW4,-1454.1000000000001,-658.6,-347.3,-1757.9,-1882.1000000000001,-1272.8000000000002,2724.4
LD,0,1
LI,0,1
r1,0,0
r2,0,1
r3,0,0
r4,0,1
r5,1,1
r6,0,1
a_x,19.576,-2.162
a_y,11.468,21.166
a_z,-3.709,20.651
Latitude,88.3103965,183.5598676
Longitude,30.950032399999998,69.562889
V1,3.29
V2,2.07
V3,6.63
V4,3.8000000000000003
V5,0.71
V6,7.890000000000001
RPM_L,17171,56852
RPM_R,13396,12271
Altidude,198.7370492,0.584878,180.7924845
Barometric_Pressure,0.0011535,6.87e-05,5.6099999999999995e-05
PITCH,-4001.2400000000002,-5057.66
ROLL,674.76,-4700.04
YAW,-3034.28,-605.51
CMD,30,132
CODE,83,34
leftDem,25
rightDem,69
leftPowerStageTemp,75
rightPowerStageTemp,92
leftMotorTemp,192
rightMotorTemp,188
State,124
Voltage,458
Current,28
AMS,0,0
IMD,0,1
SL,0,0
REFRI_ON,1,0
LV_ON,1,0
CURRENT,10.600000000000001,2028.5
V_max,4.84,0.14
V_mean,4.66,2.4
V_min,2.57,9.06
V_tot,20.11,8.22
TempL,2373.4
TempR,3048.8
ANGLE,-9012
Heading,-88.57000000000001
T1,6546.5
T2,1716.3000000000002
T3,1712.1000000000001
rrRPM,46364,3840,13910
rrTRQ,231,176,137
rlRPM,17423,64289,2066
rlTRQ,185,153,225
speed,161,117,237
APPS_1,38
APPS_2,27
APPS_AV,138
IMP_FLAG,36
STATE,11
R2D,0
SCS,0
BSPD,0
APPS,1
IMU,1
REFRI,1
RIGHT_INV,0
LEFT_INV,1
Status,11175
PosU,23.653000000000002
VelU,-8.983
Roll_Rate_x,-230.83100000000002
Pitch_Rate_y,123.238
Yaw_Rate_z,-339.764
BPPS,206
